region,unit,vintage,time,value
NEG,nuc_X,2020,2020,3.40
NEG,hyd_X,2020,2020,1.93
NEG,geo_X,2020,2020,0.00
NEG,bio_X,2020,2020,1.03
NEG,lfg_X,2020,2020,0.00
NEG,msw_X,2020,2020,0.77
NEG,slr_X,2020,2020,1.15
NEG,wnd_X,2020,2020,1.47
NEG,oth_X,2020,2020,0.33
NEG,ps_X,2020,2020,0.00
NEG,col_N,2020,2020,0.00
NEG,col_Nccs,2020,2020,0.00
NEG,ngcc_N,2020,2020,0.00
NEG,ngcc_Nccs,2020,2020,0.00
NEG,ngtb_N,2020,2020,0.00
NEG,nuc_N,2020,2020,0.00
NEG,bio_N,2020,2020,0.00
NEG,fc_N,2020,2020,0.00
NEG,slrPV_N,2020,2020,0.00
NEG,slrCSP_N,2020,2020,0.00
NEG,col_X1,2020,2020,0.55
NEG,col_X2,2020,2020,1.56
NEG,col_X3,2020,2020,4.69
NEG,col_X1bio,2020,2020,0.00
NEG,col_X2bio,2020,2020,0.00
NEG,col_X3bio,2020,2020,0.00
NEG,col_X1ccs,2020,2020,0.00
NEG,col_X2ccs,2020,2020,0.00
NEG,col_X3ccs,2020,2020,0.00
NEG,ngcc_X1,2020,2020,16.26
NEG,ngcc_X2,2020,2020,0.19
NEG,ngcc_X3,2020,2020,0.10
NEG,ngtb_X1,2020,2020,1.92
NEG,ngtb_X2,2020,2020,1.31
NEG,ngtb_X3,2020,2020,1.29
NEG,stog_X1,2020,2020,0.03
NEG,stog_X2,2020,2020,1.77
NEG,stog_X3,2020,2020,0.00
NEG,lfg_N_hi,2020,2020,0.00
NEG,lfg_N_lo,2020,2020,0.00
NEG,lfg_N_vl,2020,2020,0.00
NEG,geo_N_1,2020,2020,0.00
NEG,geo_N_2,2020,2020,0.00
NEG,geo_N_3,2020,2020,0.00
NEG,geo_N_4,2020,2020,0.00
NEG,geo_N_5,2020,2020,0.00
NEG,geo_N_6,2020,2020,0.00
NEG,geo_N_7,2020,2020,0.00
NEG,geo_N_8,2020,2020,0.00
NEG,geo_N_9,2020,2020,0.00
NEG,geo_N_10,2020,2020,0.00
NEG,wnd_Nonsh_3,2020,2020,0.00
NEG,wnd_Nonsh_4,2020,2020,0.00
NEG,wnd_Nonsh_5,2020,2020,0.00
NEG,wnd_Nonsh_6,2020,2020,0.00
NEG,wnd_Nonsh_7,2020,2020,0.00
NEG,wnd_Nshal_3,2020,2020,0.00
NEG,wnd_Nshal_4,2020,2020,0.00
NEG,wnd_Nshal_5,2020,2020,0.00
NEG,wnd_Nshal_6,2020,2020,0.00
NEG,wnd_Nshal_7,2020,2020,0.00
NEG,wnd_Ndeep_3,2020,2020,0.00
NEG,wnd_Ndeep_4,2020,2020,0.00
NEG,wnd_Ndeep_5,2020,2020,0.00
NEG,wnd_Ndeep_6,2020,2020,0.00
NEG,wnd_Ndeep_7,2020,2020,0.00
NY,nuc_X,2020,2020,5.71
NY,hyd_X,2020,2020,4.69
NY,geo_X,2020,2020,0.00
NY,bio_X,2020,2020,0.13
NY,lfg_X,2020,2020,0.00
NY,msw_X,2020,2020,0.31
NY,slr_X,2020,2020,0.42
NY,wnd_X,2020,2020,1.99
NY,oth_X,2020,2020,0.06
NY,ps_X,2020,2020,0.00
NY,col_N,2020,2020,0.00
NY,col_Nccs,2020,2020,0.00
NY,ngcc_N,2020,2020,0.00
NY,ngcc_Nccs,2020,2020,0.00
NY,ngtb_N,2020,2020,0.00
NY,nuc_N,2020,2020,0.00
NY,bio_N,2020,2020,0.00
NY,fc_N,2020,2020,0.00
NY,slrPV_N,2020,2020,0.00
NY,slrCSP_N,2020,2020,0.00
NY,col_X1,2020,2020,0.70
NY,col_X2,2020,2020,6.64
NY,col_X3,2020,2020,5.48
NY,col_X1bio,2020,2020,0.00
NY,col_X2bio,2020,2020,0.00
NY,col_X3bio,2020,2020,0.00
NY,col_X1ccs,2020,2020,0.00
NY,col_X2ccs,2020,2020,0.00
NY,col_X3ccs,2020,2020,0.00
NY,ngcc_X1,2020,2020,10.16
NY,ngcc_X2,2020,2020,0.00
NY,ngcc_X3,2020,2020,0.00
NY,ngtb_X1,2020,2020,1.43
NY,ngtb_X2,2020,2020,0.85
NY,ngtb_X3,2020,2020,3.69
NY,stog_X1,2020,2020,0.00
NY,stog_X2,2020,2020,1.24
NY,stog_X3,2020,2020,0.00
NY,lfg_N_hi,2020,2020,0.00
NY,lfg_N_lo,2020,2020,0.00
NY,lfg_N_vl,2020,2020,0.00
NY,geo_N_1,2020,2020,0.00
NY,geo_N_2,2020,2020,0.00
NY,geo_N_3,2020,2020,0.00
NY,geo_N_4,2020,2020,0.00
NY,geo_N_5,2020,2020,0.00
NY,geo_N_6,2020,2020,0.00
NY,geo_N_7,2020,2020,0.00
NY,geo_N_8,2020,2020,0.00
NY,geo_N_9,2020,2020,0.00
NY,geo_N_10,2020,2020,0.00
NY,wnd_Nonsh_3,2020,2020,0.00
NY,wnd_Nonsh_4,2020,2020,0.00
NY,wnd_Nonsh_5,2020,2020,0.00
NY,wnd_Nonsh_6,2020,2020,0.00
NY,wnd_Nonsh_7,2020,2020,0.00
NY,wnd_Nshal_3,2020,2020,0.00
NY,wnd_Nshal_4,2020,2020,0.00
NY,wnd_Nshal_5,2020,2020,0.00
NY,wnd_Nshal_6,2020,2020,0.00
NY,wnd_Nshal_7,2020,2020,0.00
NY,wnd_Ndeep_3,2020,2020,0.00
NY,wnd_Ndeep_4,2020,2020,0.00
NY,wnd_Ndeep_5,2020,2020,0.00
NY,wnd_Ndeep_6,2020,2020,0.00
NY,wnd_Ndeep_7,2020,2020,0.00
MID,nuc_X,2020,2020,13.16
MID,hyd_X,2020,2020,0.93
MID,geo_X,2020,2020,0.00
MID,bio_X,2020,2020,0.29
MID,lfg_X,2020,2020,0.00
MID,msw_X,2020,2020,0.57
MID,slr_X,2020,2020,0.94
MID,wnd_X,2020,2020,1.47
MID,oth_X,2020,2020,0.20
MID,ps_X,2020,2020,0.00
MID,col_N,2020,2020,0.00
MID,col_Nccs,2020,2020,0.00
MID,ngcc_N,2020,2020,0.00
MID,ngcc_Nccs,2020,2020,0.00
MID,ngtb_N,2020,2020,0.00
MID,nuc_N,2020,2020,0.00
MID,bio_N,2020,2020,0.00
MID,fc_N,2020,2020,0.00
MID,slrPV_N,2020,2020,0.00
MID,slrCSP_N,2020,2020,0.00
MID,col_X1,2020,2020,4.21
MID,col_X2,2020,2020,7.13
MID,col_X3,2020,2020,4.55
MID,col_X1bio,2020,2020,0.00
MID,col_X2bio,2020,2020,0.00
MID,col_X3bio,2020,2020,0.00
MID,col_X1ccs,2020,2020,0.00
MID,col_X2ccs,2020,2020,0.00
MID,col_X3ccs,2020,2020,0.00
MID,ngcc_X1,2020,2020,27.59
MID,ngcc_X2,2020,2020,0.54
MID,ngcc_X3,2020,2020,0.00
MID,ngtb_X1,2020,2020,3.12
MID,ngtb_X2,2020,2020,2.46
MID,ngtb_X3,2020,2020,2.60
MID,stog_X1,2020,2020,0.00
MID,stog_X2,2020,2020,1.99
MID,stog_X3,2020,2020,0.00
MID,lfg_N_hi,2020,2020,0.00
MID,lfg_N_lo,2020,2020,0.00
MID,lfg_N_vl,2020,2020,0.00
MID,geo_N_1,2020,2020,0.00
MID,geo_N_2,2020,2020,0.00
MID,geo_N_3,2020,2020,0.00
MID,geo_N_4,2020,2020,0.00
MID,geo_N_5,2020,2020,0.00
MID,geo_N_6,2020,2020,0.00
MID,geo_N_7,2020,2020,0.00
MID,geo_N_8,2020,2020,0.00
MID,geo_N_9,2020,2020,0.00
MID,geo_N_10,2020,2020,0.00
MID,wnd_Nonsh_3,2020,2020,0.00
MID,wnd_Nonsh_4,2020,2020,0.00
MID,wnd_Nonsh_5,2020,2020,0.00
MID,wnd_Nonsh_6,2020,2020,0.00
MID,wnd_Nonsh_7,2020,2020,0.00
MID,wnd_Nshal_3,2020,2020,0.00
MID,wnd_Nshal_4,2020,2020,0.00
MID,wnd_Nshal_5,2020,2020,0.00
MID,wnd_Nshal_6,2020,2020,0.00
MID,wnd_Nshal_7,2020,2020,0.00
MID,wnd_Ndeep_3,2020,2020,0.00
MID,wnd_Ndeep_4,2020,2020,0.00
MID,wnd_Ndeep_5,2020,2020,0.00
MID,wnd_Ndeep_6,2020,2020,0.00
MID,wnd_Ndeep_7,2020,2020,0.00
ENC,nuc_X,2020,2020,20.25
ENC,hyd_X,2020,2020,1.15
ENC,geo_X,2020,2020,0.00
ENC,bio_X,2020,2020,1.00
ENC,lfg_X,2020,2020,0.00
ENC,msw_X,2020,2020,0.86
ENC,slr_X,2020,2020,0.53
ENC,wnd_X,2020,2020,11.13
ENC,oth_X,2020,2020,0.45
ENC,ps_X,2020,2020,0.00
ENC,col_N,2020,2020,0.00
ENC,col_Nccs,2020,2020,0.00
ENC,ngcc_N,2020,2020,0.00
ENC,ngcc_Nccs,2020,2020,0.00
ENC,ngtb_N,2020,2020,0.00
ENC,nuc_N,2020,2020,0.00
ENC,bio_N,2020,2020,0.00
ENC,fc_N,2020,2020,0.00
ENC,slrPV_N,2020,2020,0.00
ENC,slrCSP_N,2020,2020,0.00
ENC,col_X1,2020,2020,12.91
ENC,col_X2,2020,2020,47.03
ENC,col_X3,2020,2020,4.15
ENC,col_X1bio,2020,2020,0.00
ENC,col_X2bio,2020,2020,0.00
ENC,col_X3bio,2020,2020,0.00
ENC,col_X1ccs,2020,2020,0.00
ENC,col_X2ccs,2020,2020,0.00
ENC,col_X3ccs,2020,2020,0.00
ENC,ngcc_X1,2020,2020,23.41
ENC,ngcc_X2,2020,2020,0.00
ENC,ngcc_X3,2020,2020,0.77
ENC,ngtb_X1,2020,2020,9.19
ENC,ngtb_X2,2020,2020,13.41
ENC,ngtb_X3,2020,2020,13.02
ENC,stog_X1,2020,2020,0.00
ENC,stog_X2,2020,2020,1.98
ENC,stog_X3,2020,2020,0.00
ENC,lfg_N_hi,2020,2020,0.00
ENC,lfg_N_lo,2020,2020,0.00
ENC,lfg_N_vl,2020,2020,0.00
ENC,geo_N_1,2020,2020,0.00
ENC,geo_N_2,2020,2020,0.00
ENC,geo_N_3,2020,2020,0.00
ENC,geo_N_4,2020,2020,0.00
ENC,geo_N_5,2020,2020,0.00
ENC,geo_N_6,2020,2020,0.00
ENC,geo_N_7,2020,2020,0.00
ENC,geo_N_8,2020,2020,0.00
ENC,geo_N_9,2020,2020,0.00
ENC,geo_N_10,2020,2020,0.00
ENC,wnd_Nonsh_3,2020,2020,0.00
ENC,wnd_Nonsh_4,2020,2020,0.00
ENC,wnd_Nonsh_5,2020,2020,0.00
ENC,wnd_Nonsh_6,2020,2020,0.00
ENC,wnd_Nonsh_7,2020,2020,0.00
ENC,wnd_Nshal_3,2020,2020,0.00
ENC,wnd_Nshal_4,2020,2020,0.00
ENC,wnd_Nshal_5,2020,2020,0.00
ENC,wnd_Nshal_6,2020,2020,0.00
ENC,wnd_Nshal_7,2020,2020,0.00
ENC,wnd_Ndeep_3,2020,2020,0.00
ENC,wnd_Ndeep_4,2020,2020,0.00
ENC,wnd_Ndeep_5,2020,2020,0.00
ENC,wnd_Ndeep_6,2020,2020,0.00
ENC,wnd_Ndeep_7,2020,2020,0.00
WNC,nuc_X,2020,2020,5.86
WNC,hyd_X,2020,2020,3.42
WNC,geo_X,2020,2020,0.00
WNC,bio_X,2020,2020,0.73
WNC,lfg_X,2020,2020,0.00
WNC,msw_X,2020,2020,0.10
WNC,slr_X,2020,2020,1.00
WNC,wnd_X,2020,2020,27.76
WNC,oth_X,2020,2020,0.19
WNC,ps_X,2020,2020,0.00
WNC,col_N,2020,2020,0.00
WNC,col_Nccs,2020,2020,0.00
WNC,ngcc_N,2020,2020,0.00
WNC,ngcc_Nccs,2020,2020,0.00
WNC,ngtb_N,2020,2020,0.00
WNC,nuc_N,2020,2020,0.00
WNC,bio_N,2020,2020,0.00
WNC,fc_N,2020,2020,0.00
WNC,slrPV_N,2020,2020,0.00
WNC,slrCSP_N,2020,2020,0.00
WNC,col_X1,2020,2020,9.65
WNC,col_X2,2020,2020,24.69
WNC,col_X3,2020,2020,3.29
WNC,col_X1bio,2020,2020,0.00
WNC,col_X2bio,2020,2020,0.00
WNC,col_X3bio,2020,2020,0.00
WNC,col_X1ccs,2020,2020,0.00
WNC,col_X2ccs,2020,2020,0.00
WNC,col_X3ccs,2020,2020,0.00
WNC,ngcc_X1,2020,2020,7.92
WNC,ngcc_X2,2020,2020,0.00
WNC,ngcc_X3,2020,2020,0.08
WNC,ngtb_X1,2020,2020,5.31
WNC,ngtb_X2,2020,2020,6.81
WNC,ngtb_X3,2020,2020,7.37
WNC,stog_X1,2020,2020,0.19
WNC,stog_X2,2020,2020,0.41
WNC,stog_X3,2020,2020,0.00
WNC,lfg_N_hi,2020,2020,0.00
WNC,lfg_N_lo,2020,2020,0.00
WNC,lfg_N_vl,2020,2020,0.00
WNC,geo_N_1,2020,2020,0.00
WNC,geo_N_2,2020,2020,0.00
WNC,geo_N_3,2020,2020,0.00
WNC,geo_N_4,2020,2020,0.00
WNC,geo_N_5,2020,2020,0.00
WNC,geo_N_6,2020,2020,0.00
WNC,geo_N_7,2020,2020,0.00
WNC,geo_N_8,2020,2020,0.00
WNC,geo_N_9,2020,2020,0.00
WNC,geo_N_10,2020,2020,0.00
WNC,wnd_Nonsh_3,2020,2020,0.00
WNC,wnd_Nonsh_4,2020,2020,0.00
WNC,wnd_Nonsh_5,2020,2020,0.00
WNC,wnd_Nonsh_6,2020,2020,0.00
WNC,wnd_Nonsh_7,2020,2020,0.00
WNC,wnd_Nshal_3,2020,2020,0.00
WNC,wnd_Nshal_4,2020,2020,0.00
WNC,wnd_Nshal_5,2020,2020,0.00
WNC,wnd_Nshal_6,2020,2020,0.00
WNC,wnd_Nshal_7,2020,2020,0.00
WNC,wnd_Ndeep_3,2020,2020,0.00
WNC,wnd_Ndeep_4,2020,2020,0.00
WNC,wnd_Ndeep_5,2020,2020,0.00
WNC,wnd_Ndeep_6,2020,2020,0.00
WNC,wnd_Ndeep_7,2020,2020,0.00
FL,nuc_X,2020,2020,3.80
FL,hyd_X,2020,2020,0.04
FL,geo_X,2020,2020,0.00
FL,bio_X,2020,2020,0.71
FL,lfg_X,2020,2020,0.00
FL,msw_X,2020,2020,0.61
FL,slr_X,2020,2020,3.01
FL,wnd_X,2020,2020,0.00
FL,oth_X,2020,2020,0.11
FL,ps_X,2020,2020,0.00
FL,col_N,2020,2020,0.00
FL,col_Nccs,2020,2020,0.00
FL,ngcc_N,2020,2020,0.00
FL,ngcc_Nccs,2020,2020,0.00
FL,ngtb_N,2020,2020,0.00
FL,nuc_N,2020,2020,0.00
FL,bio_N,2020,2020,0.00
FL,fc_N,2020,2020,0.00
FL,slrPV_N,2020,2020,0.00
FL,slrCSP_N,2020,2020,0.00
FL,col_X1,2020,2020,0.73
FL,col_X2,2020,2020,11.45
FL,col_X3,2020,2020,0.78
FL,col_X1bio,2020,2020,0.00
FL,col_X2bio,2020,2020,0.00
FL,col_X3bio,2020,2020,0.00
FL,col_X1ccs,2020,2020,0.00
FL,col_X2ccs,2020,2020,0.00
FL,col_X3ccs,2020,2020,0.00
FL,ngcc_X1,2020,2020,34.91
FL,ngcc_X2,2020,2020,0.18
FL,ngcc_X3,2020,2020,0.04
FL,ngtb_X1,2020,2020,5.31
FL,ngtb_X2,2020,2020,1.51
FL,ngtb_X3,2020,2020,3.80
FL,stog_X1,2020,2020,0.00
FL,stog_X2,2020,2020,0.00
FL,stog_X3,2020,2020,0.00
FL,lfg_N_hi,2020,2020,0.00
FL,lfg_N_lo,2020,2020,0.00
FL,lfg_N_vl,2020,2020,0.00
FL,geo_N_1,2020,2020,0.00
FL,geo_N_2,2020,2020,0.00
FL,geo_N_3,2020,2020,0.00
FL,geo_N_4,2020,2020,0.00
FL,geo_N_5,2020,2020,0.00
FL,geo_N_6,2020,2020,0.00
FL,geo_N_7,2020,2020,0.00
FL,geo_N_8,2020,2020,0.00
FL,geo_N_9,2020,2020,0.00
FL,geo_N_10,2020,2020,0.00
FL,wnd_Nonsh_3,2020,2020,0.00
FL,wnd_Nonsh_4,2020,2020,0.00
FL,wnd_Nonsh_5,2020,2020,0.00
FL,wnd_Nonsh_6,2020,2020,0.00
FL,wnd_Nonsh_7,2020,2020,0.00
FL,wnd_Nshal_3,2020,2020,0.00
FL,wnd_Nshal_4,2020,2020,0.00
FL,wnd_Nshal_5,2020,2020,0.00
FL,wnd_Nshal_6,2020,2020,0.00
FL,wnd_Nshal_7,2020,2020,0.00
FL,wnd_Ndeep_3,2020,2020,0.00
FL,wnd_Ndeep_4,2020,2020,0.00
FL,wnd_Ndeep_5,2020,2020,0.00
FL,wnd_Ndeep_6,2020,2020,0.00
FL,wnd_Ndeep_7,2020,2020,0.00
SAC,nuc_X,2020,2020,22.05
SAC,hyd_X,2020,2020,6.94
SAC,geo_X,2020,2020,0.00
SAC,bio_X,2020,2020,3.61
SAC,lfg_X,2020,2020,0.00
SAC,msw_X,2020,2020,0.78
SAC,slr_X,2020,2020,7.66
SAC,wnd_X,2020,2020,1.09
SAC,oth_X,2020,2020,0.43
SAC,ps_X,2020,2020,0.00
SAC,col_N,2020,2020,0.00
SAC,col_Nccs,2020,2020,0.00
SAC,ngcc_N,2020,2020,0.00
SAC,ngcc_Nccs,2020,2020,0.00
SAC,ngtb_N,2020,2020,0.00
SAC,nuc_N,2020,2020,0.00
SAC,bio_N,2020,2020,0.00
SAC,fc_N,2020,2020,0.00
SAC,slrPV_N,2020,2020,0.00
SAC,slrCSP_N,2020,2020,0.00
SAC,col_X1,2020,2020,17.52
SAC,col_X2,2020,2020,28.03
SAC,col_X3,2020,2020,10.85
SAC,col_X1bio,2020,2020,0.00
SAC,col_X2bio,2020,2020,0.00
SAC,col_X3bio,2020,2020,0.00
SAC,col_X1ccs,2020,2020,0.00
SAC,col_X2ccs,2020,2020,0.00
SAC,col_X3ccs,2020,2020,0.00
SAC,ngcc_X1,2020,2020,29.55
SAC,ngcc_X2,2020,2020,0.02
SAC,ngcc_X3,2020,2020,0.25
SAC,ngtb_X1,2020,2020,10.00
SAC,ngtb_X2,2020,2020,14.65
SAC,ngtb_X3,2020,2020,8.75
SAC,stog_X1,2020,2020,0.33
SAC,stog_X2,2020,2020,7.07
SAC,stog_X3,2020,2020,0.00
SAC,lfg_N_hi,2020,2020,0.00
SAC,lfg_N_lo,2020,2020,0.00
SAC,lfg_N_vl,2020,2020,0.00
SAC,geo_N_1,2020,2020,0.00
SAC,geo_N_2,2020,2020,0.00
SAC,geo_N_3,2020,2020,0.00
SAC,geo_N_4,2020,2020,0.00
SAC,geo_N_5,2020,2020,0.00
SAC,geo_N_6,2020,2020,0.00
SAC,geo_N_7,2020,2020,0.00
SAC,geo_N_8,2020,2020,0.00
SAC,geo_N_9,2020,2020,0.00
SAC,geo_N_10,2020,2020,0.00
SAC,wnd_Nonsh_3,2020,2020,0.00
SAC,wnd_Nonsh_4,2020,2020,0.00
SAC,wnd_Nonsh_5,2020,2020,0.00
SAC,wnd_Nonsh_6,2020,2020,0.00
SAC,wnd_Nonsh_7,2020,2020,0.00
SAC,wnd_Nshal_3,2020,2020,0.00
SAC,wnd_Nshal_4,2020,2020,0.00
SAC,wnd_Nshal_5,2020,2020,0.00
SAC,wnd_Nshal_6,2020,2020,0.00
SAC,wnd_Nshal_7,2020,2020,0.00
SAC,wnd_Ndeep_3,2020,2020,0.00
SAC,wnd_Ndeep_4,2020,2020,0.00
SAC,wnd_Ndeep_5,2020,2020,0.00
SAC,wnd_Ndeep_6,2020,2020,0.00
SAC,wnd_Ndeep_7,2020,2020,0.00
ESC,nuc_X,2020,2020,11.69
ESC,hyd_X,2020,2020,6.92
ESC,geo_X,2020,2020,0.00
ESC,bio_X,2020,2020,1.30
ESC,lfg_X,2020,2020,0.00
ESC,msw_X,2020,2020,0.14
ESC,slr_X,2020,2020,0.62
ESC,wnd_X,2020,2020,0.03
ESC,oth_X,2020,2020,0.31
ESC,ps_X,2020,2020,0.00
ESC,col_N,2020,2020,0.00
ESC,col_Nccs,2020,2020,0.00
ESC,ngcc_N,2020,2020,0.00
ESC,ngcc_Nccs,2020,2020,0.00
ESC,ngtb_N,2020,2020,0.00
ESC,nuc_N,2020,2020,0.00
ESC,bio_N,2020,2020,0.00
ESC,fc_N,2020,2020,0.00
ESC,slrPV_N,2020,2020,0.00
ESC,slrCSP_N,2020,2020,0.00
ESC,col_X1,2020,2020,12.07
ESC,col_X2,2020,2020,19.22
ESC,col_X3,2020,2020,1.35
ESC,col_X1bio,2020,2020,0.00
ESC,col_X2bio,2020,2020,0.00
ESC,col_X3bio,2020,2020,0.00
ESC,col_X1ccs,2020,2020,0.00
ESC,col_X2ccs,2020,2020,0.00
ESC,col_X3ccs,2020,2020,0.00
ESC,ngcc_X1,2020,2020,23.85
ESC,ngcc_X2,2020,2020,0.05
ESC,ngcc_X3,2020,2020,0.02
ESC,ngtb_X1,2020,2020,2.30
ESC,ngtb_X2,2020,2020,8.08
ESC,ngtb_X3,2020,2020,5.27
ESC,stog_X1,2020,2020,0.00
ESC,stog_X2,2020,2020,1.71
ESC,stog_X3,2020,2020,0.00
ESC,lfg_N_hi,2020,2020,0.00
ESC,lfg_N_lo,2020,2020,0.00
ESC,lfg_N_vl,2020,2020,0.00
ESC,geo_N_1,2020,2020,0.00
ESC,geo_N_2,2020,2020,0.00
ESC,geo_N_3,2020,2020,0.00
ESC,geo_N_4,2020,2020,0.00
ESC,geo_N_5,2020,2020,0.00
ESC,geo_N_6,2020,2020,0.00
ESC,geo_N_7,2020,2020,0.00
ESC,geo_N_8,2020,2020,0.00
ESC,geo_N_9,2020,2020,0.00
ESC,geo_N_10,2020,2020,0.00
ESC,wnd_Nonsh_3,2020,2020,0.00
ESC,wnd_Nonsh_4,2020,2020,0.00
ESC,wnd_Nonsh_5,2020,2020,0.00
ESC,wnd_Nonsh_6,2020,2020,0.00
ESC,wnd_Nonsh_7,2020,2020,0.00
ESC,wnd_Nshal_3,2020,2020,0.00
ESC,wnd_Nshal_4,2020,2020,0.00
ESC,wnd_Nshal_5,2020,2020,0.00
ESC,wnd_Nshal_6,2020,2020,0.00
ESC,wnd_Nshal_7,2020,2020,0.00
ESC,wnd_Ndeep_3,2020,2020,0.00
ESC,wnd_Ndeep_4,2020,2020,0.00
ESC,wnd_Ndeep_5,2020,2020,0.00
ESC,wnd_Ndeep_6,2020,2020,0.00
ESC,wnd_Ndeep_7,2020,2020,0.00
TX,nuc_X,2020,2020,5.14
TX,hyd_X,2020,2020,0.65
TX,geo_X,2020,2020,0.00
TX,bio_X,2020,2020,0.31
TX,lfg_X,2020,2020,0.00
TX,msw_X,2020,2020,0.05
TX,slr_X,2020,2020,2.44
TX,wnd_X,2020,2020,28.02
TX,oth_X,2020,2020,0.25
TX,ps_X,2020,2020,0.00
TX,col_N,2020,2020,0.00
TX,col_Nccs,2020,2020,0.00
TX,ngcc_N,2020,2020,0.00
TX,ngcc_Nccs,2020,2020,0.00
TX,ngtb_N,2020,2020,0.00
TX,nuc_N,2020,2020,0.00
TX,bio_N,2020,2020,0.00
TX,fc_N,2020,2020,0.00
TX,slrPV_N,2020,2020,0.00
TX,slrCSP_N,2020,2020,0.00
TX,col_X1,2020,2020,2.86
TX,col_X2,2020,2020,26.51
TX,col_X3,2020,2020,8.95
TX,col_X1bio,2020,2020,0.00
TX,col_X2bio,2020,2020,0.00
TX,col_X3bio,2020,2020,0.00
TX,col_X1ccs,2020,2020,0.00
TX,col_X2ccs,2020,2020,0.00
TX,col_X3ccs,2020,2020,0.00
TX,ngcc_X1,2020,2020,46.76
TX,ngcc_X2,2020,2020,0.11
TX,ngcc_X3,2020,2020,0.08
TX,ngtb_X1,2020,2020,6.96
TX,ngtb_X2,2020,2020,1.93
TX,ngtb_X3,2020,2020,4.31
TX,stog_X1,2020,2020,0.00
TX,stog_X2,2020,2020,0.00
TX,stog_X3,2020,2020,0.00
TX,lfg_N_hi,2020,2020,0.00
TX,lfg_N_lo,2020,2020,0.00
TX,lfg_N_vl,2020,2020,0.00
TX,geo_N_1,2020,2020,0.00
TX,geo_N_2,2020,2020,0.00
TX,geo_N_3,2020,2020,0.00
TX,geo_N_4,2020,2020,0.00
TX,geo_N_5,2020,2020,0.00
TX,geo_N_6,2020,2020,0.00
TX,geo_N_7,2020,2020,0.00
TX,geo_N_8,2020,2020,0.00
TX,geo_N_9,2020,2020,0.00
TX,geo_N_10,2020,2020,0.00
TX,wnd_Nonsh_3,2020,2020,0.00
TX,wnd_Nonsh_4,2020,2020,0.00
TX,wnd_Nonsh_5,2020,2020,0.00
TX,wnd_Nonsh_6,2020,2020,0.00
TX,wnd_Nonsh_7,2020,2020,0.00
TX,wnd_Nshal_3,2020,2020,0.00
TX,wnd_Nshal_4,2020,2020,0.00
TX,wnd_Nshal_5,2020,2020,0.00
TX,wnd_Nshal_6,2020,2020,0.00
TX,wnd_Nshal_7,2020,2020,0.00
TX,wnd_Ndeep_3,2020,2020,0.00
TX,wnd_Ndeep_4,2020,2020,0.00
TX,wnd_Ndeep_5,2020,2020,0.00
TX,wnd_Ndeep_6,2020,2020,0.00
TX,wnd_Ndeep_7,2020,2020,0.00
WSC,nuc_X,2020,2020,4.08
WSC,hyd_X,2020,2020,2.33
WSC,geo_X,2020,2020,0.00
WSC,bio_X,2020,2020,0.93
WSC,lfg_X,2020,2020,0.00
WSC,msw_X,2020,2020,0.63
WSC,slr_X,2020,2020,0.14
WSC,wnd_X,2020,2020,8.17
WSC,oth_X,2020,2020,0.17
WSC,ps_X,2020,2020,0.00
WSC,col_N,2020,2020,0.00
WSC,col_Nccs,2020,2020,0.00
WSC,ngcc_N,2020,2020,0.00
WSC,ngcc_Nccs,2020,2020,0.00
WSC,ngtb_N,2020,2020,0.00
WSC,nuc_N,2020,2020,0.00
WSC,bio_N,2020,2020,0.00
WSC,fc_N,2020,2020,0.00
WSC,slrPV_N,2020,2020,0.00
WSC,slrCSP_N,2020,2020,0.00
WSC,col_X1,2020,2020,4.58
WSC,col_X2,2020,2020,18.01
WSC,col_X3,2020,2020,6.17
WSC,col_X1bio,2020,2020,0.00
WSC,col_X2bio,2020,2020,0.00
WSC,col_X3bio,2020,2020,0.00
WSC,col_X1ccs,2020,2020,0.00
WSC,col_X2ccs,2020,2020,0.00
WSC,col_X3ccs,2020,2020,0.00
WSC,ngcc_X1,2020,2020,23.46
WSC,ngcc_X2,2020,2020,0.00
WSC,ngcc_X3,2020,2020,0.00
WSC,ngtb_X1,2020,2020,2.37
WSC,ngtb_X2,2020,2020,2.38
WSC,ngtb_X3,2020,2020,1.50
WSC,stog_X1,2020,2020,0.03
WSC,stog_X2,2020,2020,0.26
WSC,stog_X3,2020,2020,0.00
WSC,lfg_N_hi,2020,2020,0.00
WSC,lfg_N_lo,2020,2020,0.00
WSC,lfg_N_vl,2020,2020,0.00
WSC,geo_N_1,2020,2020,0.00
WSC,geo_N_2,2020,2020,0.00
WSC,geo_N_3,2020,2020,0.00
WSC,geo_N_4,2020,2020,0.00
WSC,geo_N_5,2020,2020,0.00
WSC,geo_N_6,2020,2020,0.00
WSC,geo_N_7,2020,2020,0.00
WSC,geo_N_8,2020,2020,0.00
WSC,geo_N_9,2020,2020,0.00
WSC,geo_N_10,2020,2020,0.00
WSC,wnd_Nonsh_3,2020,2020,0.00
WSC,wnd_Nonsh_4,2020,2020,0.00
WSC,wnd_Nonsh_5,2020,2020,0.00
WSC,wnd_Nonsh_6,2020,2020,0.00
WSC,wnd_Nonsh_7,2020,2020,0.00
WSC,wnd_Nshal_3,2020,2020,0.00
WSC,wnd_Nshal_4,2020,2020,0.00
WSC,wnd_Nshal_5,2020,2020,0.00
WSC,wnd_Nshal_6,2020,2020,0.00
WSC,wnd_Nshal_7,2020,2020,0.00
WSC,wnd_Ndeep_3,2020,2020,0.00
WSC,wnd_Ndeep_4,2020,2020,0.00
WSC,wnd_Ndeep_5,2020,2020,0.00
WSC,wnd_Ndeep_6,2020,2020,0.00
WSC,wnd_Ndeep_7,2020,2020,0.00
MTN,nuc_X,2020,2020,4.21
MTN,hyd_X,2020,2020,10.47
MTN,geo_X,2020,2020,0.93
MTN,bio_X,2020,2020,0.17
MTN,lfg_X,2020,2020,0.00
MTN,msw_X,2020,2020,0.00
MTN,slr_X,2020,2020,7.06
MTN,wnd_X,2020,2020,9.96
MTN,oth_X,2020,2020,0.07
MTN,ps_X,2020,2020,0.00
MTN,col_N,2020,2020,0.00
MTN,col_Nccs,2020,2020,0.00
MTN,ngcc_N,2020,2020,0.00
MTN,ngcc_Nccs,2020,2020,0.00
MTN,ngtb_N,2020,2020,0.00
MTN,nuc_N,2020,2020,0.00
MTN,bio_N,2020,2020,0.00
MTN,fc_N,2020,2020,0.00
MTN,slrPV_N,2020,2020,0.00
MTN,slrCSP_N,2020,2020,0.00
MTN,col_X1,2020,2020,3.61
MTN,col_X2,2020,2020,23.92
MTN,col_X3,2020,2020,2.49
MTN,col_X1bio,2020,2020,0.00
MTN,col_X2bio,2020,2020,0.00
MTN,col_X3bio,2020,2020,0.00
MTN,col_X1ccs,2020,2020,0.00
MTN,col_X2ccs,2020,2020,0.00
MTN,col_X3ccs,2020,2020,0.00
MTN,ngcc_X1,2020,2020,25.40
MTN,ngcc_X2,2020,2020,0.04
MTN,ngcc_X3,2020,2020,0.00
MTN,ngtb_X1,2020,2020,4.51
MTN,ngtb_X2,2020,2020,6.28
MTN,ngtb_X3,2020,2020,1.73
MTN,stog_X1,2020,2020,0.15
MTN,stog_X2,2020,2020,0.55
MTN,stog_X3,2020,2020,0.00
MTN,lfg_N_hi,2020,2020,0.00
MTN,lfg_N_lo,2020,2020,0.00
MTN,lfg_N_vl,2020,2020,0.00
MTN,geo_N_1,2020,2020,0.00
MTN,geo_N_2,2020,2020,0.00
MTN,geo_N_3,2020,2020,0.00
MTN,geo_N_4,2020,2020,0.00
MTN,geo_N_5,2020,2020,0.00
MTN,geo_N_6,2020,2020,0.00
MTN,geo_N_7,2020,2020,0.00
MTN,geo_N_8,2020,2020,0.00
MTN,geo_N_9,2020,2020,0.00
MTN,geo_N_10,2020,2020,0.00
MTN,wnd_Nonsh_3,2020,2020,0.00
MTN,wnd_Nonsh_4,2020,2020,0.00
MTN,wnd_Nonsh_5,2020,2020,0.00
MTN,wnd_Nonsh_6,2020,2020,0.00
MTN,wnd_Nonsh_7,2020,2020,0.00
MTN,wnd_Nshal_3,2020,2020,0.00
MTN,wnd_Nshal_4,2020,2020,0.00
MTN,wnd_Nshal_5,2020,2020,0.00
MTN,wnd_Nshal_6,2020,2020,0.00
MTN,wnd_Nshal_7,2020,2020,0.00
MTN,wnd_Ndeep_3,2020,2020,0.00
MTN,wnd_Ndeep_4,2020,2020,0.00
MTN,wnd_Ndeep_5,2020,2020,0.00
MTN,wnd_Ndeep_6,2020,2020,0.00
MTN,wnd_Ndeep_7,2020,2020,0.00
CA,nuc_X,2020,2020,2.32
CA,hyd_X,2020,2020,9.84
CA,geo_X,2020,2020,2.73
CA,bio_X,2020,2020,0.67
CA,lfg_X,2020,2020,0.00
CA,msw_X,2020,2020,0.06
CA,slr_X,2020,2020,12.71
CA,wnd_X,2020,2020,6.14
CA,oth_X,2020,2020,0.33
CA,ps_X,2020,2020,0.00
CA,col_N,2020,2020,0.00
CA,col_Nccs,2020,2020,0.00
CA,ngcc_N,2020,2020,0.00
CA,ngcc_Nccs,2020,2020,0.00
CA,ngtb_N,2020,2020,0.00
CA,nuc_N,2020,2020,0.00
CA,bio_N,2020,2020,0.00
CA,fc_N,2020,2020,0.00
CA,slrPV_N,2020,2020,0.00
CA,slrCSP_N,2020,2020,0.00
CA,col_X1,2020,2020,0.23
CA,col_X2,2020,2020,0.00
CA,col_X3,2020,2020,5.51
CA,col_X1bio,2020,2020,0.00
CA,col_X2bio,2020,2020,0.00
CA,col_X3bio,2020,2020,0.00
CA,col_X1ccs,2020,2020,0.00
CA,col_X2ccs,2020,2020,0.00
CA,col_X3ccs,2020,2020,0.00
CA,ngcc_X1,2020,2020,21.74
CA,ngcc_X2,2020,2020,0.43
CA,ngcc_X3,2020,2020,0.20
CA,ngtb_X1,2020,2020,8.22
CA,ngtb_X2,2020,2020,3.70
CA,ngtb_X3,2020,2020,1.55
CA,stog_X1,2020,2020,1.83
CA,stog_X2,2020,2020,1.54
CA,stog_X3,2020,2020,0.00
CA,lfg_N_hi,2020,2020,0.00
CA,lfg_N_lo,2020,2020,0.00
CA,lfg_N_vl,2020,2020,0.00
CA,geo_N_1,2020,2020,0.00
CA,geo_N_2,2020,2020,0.00
CA,geo_N_3,2020,2020,0.00
CA,geo_N_4,2020,2020,0.00
CA,geo_N_5,2020,2020,0.00
CA,geo_N_6,2020,2020,0.00
CA,geo_N_7,2020,2020,0.00
CA,geo_N_8,2020,2020,0.00
CA,geo_N_9,2020,2020,0.00
CA,geo_N_10,2020,2020,0.00
CA,wnd_Nonsh_3,2020,2020,0.00
CA,wnd_Nonsh_4,2020,2020,0.00
CA,wnd_Nonsh_5,2020,2020,0.00
CA,wnd_Nonsh_6,2020,2020,0.00
CA,wnd_Nonsh_7,2020,2020,0.00
CA,wnd_Nshal_3,2020,2020,0.00
CA,wnd_Nshal_4,2020,2020,0.00
CA,wnd_Nshal_5,2020,2020,0.00
CA,wnd_Nshal_6,2020,2020,0.00
CA,wnd_Nshal_7,2020,2020,0.00
CA,wnd_Ndeep_3,2020,2020,0.00
CA,wnd_Ndeep_4,2020,2020,0.00
CA,wnd_Ndeep_5,2020,2020,0.00
CA,wnd_Ndeep_6,2020,2020,0.00
CA,wnd_Ndeep_7,2020,2020,0.00
PAC,nuc_X,2020,2020,1.20
PAC,hyd_X,2020,2020,29.51
PAC,geo_X,2020,2020,0.03
PAC,bio_X,2020,2020,0.58
PAC,lfg_X,2020,2020,0.00
PAC,msw_X,2020,2020,0.04
PAC,slr_X,2020,2020,0.42
PAC,wnd_X,2020,2020,6.51
PAC,oth_X,2020,2020,0.07
PAC,ps_X,2020,2020,0.00
PAC,col_N,2020,2020,0.00
PAC,col_Nccs,2020,2020,0.00
PAC,ngcc_N,2020,2020,0.00
PAC,ngcc_Nccs,2020,2020,0.00
PAC,ngtb_N,2020,2020,0.00
PAC,nuc_N,2020,2020,0.00
PAC,bio_N,2020,2020,0.00
PAC,fc_N,2020,2020,0.00
PAC,slrPV_N,2020,2020,0.00
PAC,slrCSP_N,2020,2020,0.00
PAC,col_X1,2020,2020,0.24
PAC,col_X2,2020,2020,2.20
PAC,col_X3,2020,2020,0.01
PAC,col_X1bio,2020,2020,0.00
PAC,col_X2bio,2020,2020,0.00
PAC,col_X3bio,2020,2020,0.00
PAC,col_X1ccs,2020,2020,0.00
PAC,col_X2ccs,2020,2020,0.00
PAC,col_X3ccs,2020,2020,0.00
PAC,ngcc_X1,2020,2020,7.13
PAC,ngcc_X2,2020,2020,0.00
PAC,ngcc_X3,2020,2020,0.00
PAC,ngtb_X1,2020,2020,0.42
PAC,ngtb_X2,2020,2020,0.62
PAC,ngtb_X3,2020,2020,0.35
PAC,stog_X1,2020,2020,0.31
PAC,stog_X2,2020,2020,0.00
PAC,stog_X3,2020,2020,0.00
PAC,lfg_N_hi,2020,2020,0.00
PAC,lfg_N_lo,2020,2020,0.00
PAC,lfg_N_vl,2020,2020,0.00
PAC,geo_N_1,2020,2020,0.00
PAC,geo_N_2,2020,2020,0.00
PAC,geo_N_3,2020,2020,0.00
PAC,geo_N_4,2020,2020,0.00
PAC,geo_N_5,2020,2020,0.00
PAC,geo_N_6,2020,2020,0.00
PAC,geo_N_7,2020,2020,0.00
PAC,geo_N_8,2020,2020,0.00
PAC,geo_N_9,2020,2020,0.00
PAC,geo_N_10,2020,2020,0.00
PAC,wnd_Nonsh_3,2020,2020,0.00
PAC,wnd_Nonsh_4,2020,2020,0.00
PAC,wnd_Nonsh_5,2020,2020,0.00
PAC,wnd_Nonsh_6,2020,2020,0.00
PAC,wnd_Nonsh_7,2020,2020,0.00
PAC,wnd_Nshal_3,2020,2020,0.00
PAC,wnd_Nshal_4,2020,2020,0.00
PAC,wnd_Nshal_5,2020,2020,0.00
PAC,wnd_Nshal_6,2020,2020,0.00
PAC,wnd_Nshal_7,2020,2020,0.00
PAC,wnd_Ndeep_3,2020,2020,0.00
PAC,wnd_Ndeep_4,2020,2020,0.00
PAC,wnd_Ndeep_5,2020,2020,0.00
PAC,wnd_Ndeep_6,2020,2020,0.00
PAC,wnd_Ndeep_7,2020,2020,0.00
